Date,Coffee_Price
2015-01-01,
2015-01-02,161.0500030517578
2015-01-05,168.10000610351562
2015-01-06,174.89999389648438
2015-01-07,175.0500030517578
2015-01-08,176.89999389648438
2015-01-09,180.0500030517578
2015-01-12,176.75
2015-01-13,176.9499969482422
2015-01-14,179.85000610351562
2015-01-15,176.64999389648438
2015-01-16,171.0
2015-01-19,
2015-01-20,164.3000030517578
2015-01-21,161.25
2015-01-22,159.9499969482422
2015-01-23,162.4499969482422
2015-01-26,161.85000610351562
2015-01-27,168.1999969482422
2015-01-28,167.6999969482422
2015-01-29,160.0
2015-01-30,161.89999389648438
2015-02-02,162.4499969482422
2015-02-03,160.75
2015-02-04,164.89999389648438
2015-02-05,164.75
2015-02-06,166.85000610351562
2015-02-09,167.60000610351562
2015-02-10,159.39999389648438
2015-02-11,159.4499969482422
2015-02-12,164.5500030517578
2015-02-13,163.1999969482422
2015-02-16,
2015-02-17,155.64999389648438
2015-02-18,152.8000030517578
2015-02-19,149.1999969482422
2015-02-20,148.64999389648438
2015-02-23,144.4499969482422
2015-02-24,145.35000610351562
2015-02-25,139.75
2015-02-26,136.5500030517578
2015-02-27,136.75
2015-03-02,135.10000610351562
2015-03-03,126.25
2015-03-04,134.0500030517578
2015-03-05,131.5500030517578
2015-03-06,136.5
2015-03-09,133.64999389648438
2015-03-10,131.6999969482422
2015-03-11,128.39999389648438
2015-03-12,128.85000610351562
2015-03-13,126.44999694824219
2015-03-16,134.89999389648438
2015-03-17,133.9499969482422
2015-03-18,136.25
2015-03-19,140.0
2015-03-20,143.35000610351562
2015-03-23,141.85000610351562
2015-03-24,137.3000030517578
2015-03-25,139.9499969482422
2015-03-26,140.25
2015-03-27,138.1999969482422
2015-03-29,
2015-03-30,132.35000610351562
2015-03-31,132.89999389648438
2015-04-01,134.85000610351562
2015-04-02,140.89999389648438
2015-04-05,
2015-04-06,146.1999969482422
2015-04-07,141.9499969482422
2015-04-08,135.6999969482422
2015-04-09,137.4499969482422
2015-04-10,135.10000610351562
2015-04-12,
2015-04-13,133.75
2015-04-14,134.60000610351562
2015-04-15,135.8000030517578
2015-04-16,139.60000610351562
2015-04-17,138.6999969482422
2015-04-19,
2015-04-20,138.6999969482422
2015-04-21,140.3000030517578
2015-04-22,142.39999389648438
2015-04-23,140.4499969482422
2015-04-24,141.14999389648438
2015-04-26,
2015-04-27,136.10000610351562
2015-04-28,138.14999389648438
2015-04-29,138.35000610351562
2015-04-30,136.5500030517578
2015-05-01,133.4499969482422
2015-05-03,
2015-05-04,131.85000610351562
2015-05-05,132.5500030517578
2015-05-06,128.0500030517578
2015-05-07,130.85000610351562
2015-05-08,132.89999389648438
2015-05-10,
2015-05-11,133.35000610351562
2015-05-12,134.5
2015-05-13,134.39999389648438
2015-05-14,135.64999389648438
2015-05-15,137.1999969482422
2015-05-17,
2015-05-18,141.64999389648438
2015-05-19,139.85000610351562
2015-05-20,136.0
2015-05-21,128.4499969482422
2015-05-22,126.94999694824219
2015-05-24,
2015-05-25,
2015-05-26,124.05000305175781
2015-05-27,124.5
2015-05-28,125.1500015258789
2015-05-29,126.1500015258789
2015-05-31,
2015-06-01,129.8000030517578
2015-06-02,132.6999969482422
2015-06-03,134.3000030517578
2015-06-04,135.6999969482422
2015-06-05,135.10000610351562
2015-06-07,
2015-06-08,136.5500030517578
2015-06-09,137.35000610351562
2015-06-10,136.4499969482422
2015-06-11,132.0
2015-06-12,132.0500030517578
2015-06-14,
2015-06-15,127.80000305175781
2015-06-16,129.35000610351562
2015-06-17,126.6500015258789
2015-06-18,128.6999969482422
2015-06-19,127.1500015258789
2015-06-21,
2015-06-22,130.35000610351562
2015-06-23,127.69999694824219
2015-06-24,133.3000030517578
2015-06-25,133.35000610351562
2015-06-26,131.6999969482422
2015-06-28,
2015-06-29,130.8000030517578
2015-06-30,130.64999389648438
2015-07-01,125.0999984741211
2015-07-02,125.5999984741211
2015-07-05,
2015-07-06,123.30000305175781
2015-07-07,122.9000015258789
2015-07-08,123.1500015258789
2015-07-09,122.75
2015-07-10,122.94999694824219
2015-07-12,
2015-07-13,126.5999984741211
2015-07-14,129.85000610351562
2015-07-15,128.0
2015-07-16,127.44999694824219
2015-07-17,127.0
2015-07-19,
2015-07-20,125.8499984741211
2015-07-21,123.8499984741211
2015-07-22,125.05000305175781
2015-07-23,121.55000305175781
2015-07-24,122.25
2015-07-26,
2015-07-27,120.4000015258789
2015-07-28,120.25
2015-07-29,122.1500015258789
2015-07-30,124.9000015258789
2015-07-31,125.25
2015-08-02,
2015-08-03,123.94999694824219
2015-08-04,124.9000015258789
2015-08-05,125.9000015258789
2015-08-06,124.25
2015-08-07,127.80000305175781
2015-08-09,
2015-08-10,133.5
2015-08-11,137.1999969482422
2015-08-12,131.85000610351562
2015-08-13,137.0500030517578
2015-08-14,137.5
2015-08-16,
2015-08-17,134.75
2015-08-18,135.3000030517578
2015-08-19,131.14999389648438
2015-08-20,127.6500015258789
2015-08-21,121.9000015258789
2015-08-23,
2015-08-24,117.5
2015-08-25,117.05000305175781
2015-08-26,118.69999694824219
2015-08-27,121.05000305175781
2015-08-28,120.44999694824219
2015-08-30,
2015-08-31,120.55000305175781
2015-09-01,117.05000305175781
2015-09-02,114.69999694824219
2015-09-03,116.19999694824219
2015-09-04,115.8499984741211
2015-09-06,
2015-09-07,
2015-09-08,117.69999694824219
2015-09-09,117.80000305175781
2015-09-10,113.05000305175781
2015-09-11,113.3499984741211
2015-09-13,
2015-09-14,117.0
2015-09-15,115.5
2015-09-16,113.80000305175781
2015-09-17,113.5
2015-09-18,113.3499984741211
2015-09-20,
2015-09-21,117.25
2015-09-22,115.44999694824219
2015-09-23,116.19999694824219
2015-09-24,118.30000305175781
2015-09-25,122.69999694824219
2015-09-27,
2015-09-28,119.1500015258789
2015-09-29,120.8499984741211
2015-09-30,121.3499984741211
2015-10-01,120.75
2015-10-02,124.30000305175781
2015-10-04,
2015-10-05,127.55000305175781
2015-10-06,128.10000610351562
2015-10-07,126.05000305175781
2015-10-08,128.4499969482422
2015-10-09,131.60000610351562
2015-10-11,
2015-10-12,134.5
2015-10-13,134.35000610351562
2015-10-14,134.64999389648438
2015-10-15,133.6999969482422
2015-10-16,125.8499984741211
2015-10-18,
2015-10-19,123.9000015258789
2015-10-20,124.75
2015-10-21,121.0
2015-10-22,119.8499984741211
2015-10-23,118.44999694824219
2015-10-26,117.30000305175781
2015-10-27,117.30000305175781
2015-10-28,119.0999984741211
2015-10-29,120.30000305175781
2015-10-30,120.94999694824219
2015-11-02,118.80000305175781
2015-11-03,120.25
2015-11-04,120.5
2015-11-05,120.9000015258789
2015-11-06,117.75
2015-11-09,117.75
2015-11-10,116.30000305175781
2015-11-11,116.80000305175781
2015-11-12,115.30000305175781
2015-11-13,112.1500015258789
2015-11-16,114.3499984741211
2015-11-17,114.25
2015-11-18,112.75
2015-11-19,119.9000015258789
2015-11-20,121.9000015258789
2015-11-23,119.94999694824219
2015-11-24,122.44999694824219
2015-11-25,122.9000015258789
2015-11-26,
2015-11-27,121.0
2015-11-30,116.9000015258789
2015-12-01,117.1500015258789
2015-12-02,117.80000305175781
2015-12-03,122.05000305175781
2015-12-04,124.0
2015-12-07,122.6500015258789
2015-12-08,122.25
2015-12-09,123.8499984741211
2015-12-10,122.6500015258789
2015-12-11,118.0999984741211
2015-12-14,117.25
2015-12-15,115.6500015258789
2015-12-16,118.0999984741211
2015-12-17,117.80000305175781
2015-12-18,118.44999694824219
2015-12-21,117.5
2015-12-22,119.1500015258789
2015-12-23,120.94999694824219
2015-12-24,119.69999694824219
2015-12-25,
2015-12-28,119.1500015258789
2015-12-29,121.44999694824219
2015-12-30,123.6500015258789
2015-12-31,126.69999694824219
2016-01-01,
2016-01-04,123.9000015258789
2016-01-05,123.0
2016-01-06,119.94999694824219
2016-01-07,118.44999694824219
2016-01-08,119.0
2016-01-11,114.44999694824219
2016-01-12,114.3499984741211
2016-01-13,114.80000305175781
2016-01-14,115.9000015258789
2016-01-15,114.9000015258789
2016-01-18,
2016-01-19,115.6500015258789
2016-01-20,111.5999984741211
2016-01-21,114.4000015258789
2016-01-22,116.0
2016-01-25,116.44999694824219
2016-01-26,116.69999694824219
2016-01-27,118.19999694824219
2016-01-28,119.1500015258789
2016-01-29,116.3499984741211
2016-02-01,117.75
2016-02-02,119.8499984741211
2016-02-03,121.55000305175781
2016-02-04,123.19999694824219
2016-02-05,120.4000015258789
2016-02-08,115.75
2016-02-09,114.75
2016-02-10,114.75
2016-02-11,113.0
2016-02-12,115.55000305175781
2016-02-15,
2016-02-16,114.9000015258789
2016-02-17,114.55000305175781
2016-02-18,114.1500015258789
2016-02-19,115.75
2016-02-22,119.8499984741211
2016-02-23,117.80000305175781
2016-02-24,115.05000305175781
2016-02-25,114.6500015258789
2016-02-26,113.0
2016-02-29,112.6500015258789
2016-03-01,112.5
2016-03-02,113.3499984741211
2016-03-03,115.5999984741211
2016-03-04,118.80000305175781
2016-03-07,118.6500015258789
2016-03-08,120.19999694824219
2016-03-09,120.8499984741211
2016-03-10,120.5999984741211
2016-03-11,124.4000015258789
2016-03-14,125.5999984741211
2016-03-15,124.0999984741211
2016-03-16,127.4000015258789
2016-03-17,132.0
2016-03-18,133.85000610351562
2016-03-21,131.5500030517578
2016-03-22,134.64999389648438
2016-03-23,131.10000610351562
2016-03-24,127.55000305175781
2016-03-25,
2016-03-27,
2016-03-28,128.5500030517578
2016-03-29,127.44999694824219
2016-03-30,127.0
2016-03-31,127.44999694824219
2016-04-01,127.25
2016-04-03,
2016-04-04,122.80000305175781
2016-04-05,120.9000015258789
2016-04-06,121.5
2016-04-07,119.80000305175781
2016-04-08,120.44999694824219
2016-04-10,
2016-04-11,123.3499984741211
2016-04-12,124.5999984741211
2016-04-13,121.75
2016-04-14,123.1500015258789
2016-04-15,122.94999694824219
2016-04-17,
2016-04-18,124.0
2016-04-19,125.8499984741211
2016-04-20,127.1500015258789
2016-04-21,123.55000305175781
2016-04-22,122.75
2016-04-24,
2016-04-25,123.0999984741211
2016-04-26,125.25
2016-04-27,121.05000305175781
2016-04-28,120.4000015258789
2016-04-29,120.8499984741211
2016-05-01,
2016-05-02,119.0999984741211
2016-05-03,118.5999984741211
2016-05-04,119.0999984741211
2016-05-05,120.9000015258789
2016-05-06,123.44999694824219
2016-05-08,
2016-05-09,125.1500015258789
2016-05-10,126.9000015258789
2016-05-11,127.9000015258789
2016-05-12,128.1999969482422
2016-05-13,128.8000030517578
2016-05-15,
2016-05-16,132.6999969482422
2016-05-17,131.85000610351562
2016-05-18,129.3000030517578
2016-05-19,123.94999694824219
2016-05-20,124.69999694824219
2016-05-22,
2016-05-23,122.1500015258789
2016-05-24,121.80000305175781
2016-05-25,121.4000015258789
2016-05-26,121.5
2016-05-27,121.30000305175781
2016-05-29,
2016-05-30,
2016-05-31,121.55000305175781
2016-06-01,121.9000015258789
2016-06-02,123.0
2016-06-03,127.0999984741211
2016-06-05,
2016-06-06,131.6999969482422
2016-06-07,132.1999969482422
2016-06-08,139.64999389648438
2016-06-09,133.9499969482422
2016-06-10,136.9499969482422
2016-06-12,
2016-06-13,137.3000030517578
2016-06-14,135.10000610351562
2016-06-15,138.1999969482422
2016-06-16,139.5
2016-06-17,140.75
2016-06-19,
2016-06-20,139.5
2016-06-21,138.5
2016-06-22,136.9499969482422
2016-06-23,139.25
2016-06-24,134.35000610351562
2016-06-26,
2016-06-27,134.5
2016-06-28,138.89999389648438
2016-06-29,142.85000610351562
2016-06-30,144.10000610351562
2016-07-01,144.85000610351562
2016-07-03,
2016-07-04,
2016-07-05,144.1999969482422
2016-07-06,141.9499969482422
2016-07-07,140.4499969482422
2016-07-08,142.75
2016-07-10,
2016-07-11,147.9499969482422
2016-07-12,145.9499969482422
2016-07-13,146.1999969482422
2016-07-14,150.3000030517578
2016-07-15,145.6999969482422
2016-07-17,
2016-07-18,147.8000030517578
2016-07-19,144.64999389648438
2016-07-20,147.0
2016-07-21,146.85000610351562
2016-07-22,141.89999389648438
2016-07-24,
2016-07-25,141.10000610351562
2016-07-26,141.60000610351562
2016-07-27,141.1999969482422
2016-07-28,142.14999389648438
2016-07-29,146.1999969482422
2016-07-31,
2016-08-01,143.4499969482422
2016-08-02,141.25
2016-08-03,140.39999389648438
2016-08-04,142.10000610351562
2016-08-05,142.5
2016-08-07,
2016-08-08,141.10000610351562
2016-08-09,141.10000610351562
2016-08-10,138.64999389648438
2016-08-11,137.6999969482422
2016-08-12,136.85000610351562
2016-08-14,
2016-08-15,136.9499969482422
2016-08-16,137.39999389648438
2016-08-17,135.0500030517578
2016-08-18,138.14999389648438
2016-08-19,138.8000030517578
2016-08-21,
2016-08-22,144.10000610351562
2016-08-23,145.3000030517578
2016-08-24,142.14999389648438
2016-08-25,143.5
2016-08-26,143.89999389648438
2016-08-28,
2016-08-29,144.0
2016-08-30,144.75
2016-08-31,145.89999389648438
2016-09-01,150.10000610351562
2016-09-02,150.10000610351562
2016-09-04,
2016-09-05,
2016-09-06,152.4499969482422
2016-09-07,153.85000610351562
2016-09-08,153.6999969482422
2016-09-09,149.9499969482422
2016-09-11,
2016-09-12,149.6999969482422
2016-09-13,147.35000610351562
2016-09-14,147.8000030517578
2016-09-15,147.60000610351562
2016-09-16,147.10000610351562
2016-09-18,
2016-09-19,151.5
2016-09-20,155.5
2016-09-21,156.5500030517578
2016-09-22,155.25
2016-09-23,151.39999389648438
2016-09-25,
2016-09-26,153.5500030517578
2016-09-27,153.6999969482422
2016-09-28,153.10000610351562
2016-09-29,150.14999389648438
2016-09-30,151.5500030517578
2016-10-02,
2016-10-03,147.5500030517578
2016-10-04,147.4499969482422
2016-10-05,148.1999969482422
2016-10-06,146.39999389648438
2016-10-07,148.0
2016-10-09,
2016-10-10,
2016-10-11,150.8000030517578
2016-10-12,152.10000610351562
2016-10-13,152.6999969482422
2016-10-14,155.39999389648438
2016-10-16,
2016-10-17,157.10000610351562
2016-10-18,158.75
2016-10-19,157.85000610351562
2016-10-20,155.89999389648438
2016-10-21,156.10000610351562
2016-10-23,
2016-10-24,157.89999389648438
2016-10-25,164.5
2016-10-26,163.6999969482422
2016-10-27,164.8000030517578
2016-10-28,165.5
2016-10-31,164.14999389648438
2016-11-01,161.4499969482422
2016-11-02,162.89999389648438
2016-11-03,165.64999389648438
2016-11-04,171.35000610351562
2016-11-07,174.35000610351562
2016-11-08,167.5
2016-11-09,170.10000610351562
2016-11-10,161.85000610351562
2016-11-11,
2016-11-14,161.8000030517578
2016-11-15,161.8000030517578
2016-11-16,161.25
2016-11-17,159.3000030517578
2016-11-18,157.85000610351562
2016-11-21,158.64999389648438
2016-11-22,157.25
2016-11-23,154.64999389648438
2016-11-24,
2016-11-25,152.3000030517578
2016-11-28,153.0
2016-11-29,149.89999389648438
2016-11-30,147.5
2016-12-01,141.8000030517578
2016-12-02,141.1999969482422
2016-12-05,140.1999969482422
2016-12-06,137.9499969482422
2016-12-07,137.89999389648438
2016-12-08,137.60000610351562
2016-12-09,135.5500030517578
2016-12-12,138.0500030517578
2016-12-13,138.89999389648438
2016-12-14,140.25
2016-12-15,138.3000030517578
2016-12-16,138.1999969482422
2016-12-19,141.1999969482422
2016-12-20,143.85000610351562
2016-12-21,144.5500030517578
2016-12-22,139.10000610351562
2016-12-23,136.14999389648438
2016-12-26,
2016-12-27,134.1999969482422
2016-12-28,133.5
2016-12-29,135.4499969482422
2016-12-30,137.0500030517578
2017-01-02,
2017-01-03,137.39999389648438
2017-01-04,141.8000030517578
2017-01-05,143.75
2017-01-06,142.85000610351562
2017-01-09,144.1999969482422
2017-01-10,147.6999969482422
2017-01-11,149.0
2017-01-12,149.60000610351562
2017-01-13,149.3000030517578
2017-01-16,
2017-01-17,149.89999389648438
2017-01-18,149.1999969482422
2017-01-19,150.75
2017-01-20,153.1999969482422
2017-01-23,155.39999389648438
2017-01-24,152.35000610351562
2017-01-25,152.89999389648438
2017-01-26,151.4499969482422
2017-01-27,152.39999389648438
2017-01-30,151.14999389648438
2017-01-31,149.5500030517578
2017-02-01,150.14999389648438
2017-02-02,145.9499969482422
2017-02-03,146.25
2017-02-06,144.1999969482422
2017-02-07,142.60000610351562
2017-02-08,142.89999389648438
2017-02-09,145.1999969482422
2017-02-10,145.75
2017-02-13,144.25
2017-02-14,143.64999389648438
2017-02-15,144.5
2017-02-16,146.3000030517578
2017-02-17,147.8000030517578
2017-02-20,
2017-02-21,150.35000610351562
2017-02-22,149.1999969482422
2017-02-23,147.85000610351562
2017-02-24,144.39999389648438
2017-02-27,139.10000610351562
2017-02-28,140.6999969482422
2017-03-01,142.64999389648438
2017-03-02,142.1999969482422
2017-03-03,141.25
2017-03-06,139.64999389648438
2017-03-07,139.0
2017-03-08,140.0500030517578
2017-03-09,138.75
2017-03-10,139.64999389648438
2017-03-13,140.5
2017-03-14,139.60000610351562
2017-03-15,139.1999969482422
2017-03-16,139.75
2017-03-17,140.8000030517578
2017-03-20,144.0
2017-03-21,143.5
2017-03-22,141.6999969482422
2017-03-23,140.5
2017-03-24,137.60000610351562
2017-03-26,
2017-03-27,139.1999969482422
2017-03-28,138.85000610351562
2017-03-29,139.3000030517578
2017-03-30,139.3000030517578
2017-03-31,139.3000030517578
2017-04-02,
2017-04-03,137.85000610351562
2017-04-04,137.75
2017-04-05,137.3000030517578
2017-04-06,137.75
2017-04-07,140.0500030517578
2017-04-09,
2017-04-10,139.85000610351562
2017-04-11,140.1999969482422
2017-04-12,138.3000030517578
2017-04-13,138.89999389648438
2017-04-16,
2017-04-17,141.10000610351562
2017-04-18,142.89999389648438
2017-04-19,138.0
2017-04-20,131.64999389648438
2017-04-21,129.85000610351562
2017-04-23,
2017-04-24,129.5
2017-04-25,129.89999389648438
2017-04-26,128.14999389648438
2017-04-27,127.0999984741211
2017-04-28,131.0500030517578
2017-04-30,
2017-05-01,133.60000610351562
2017-05-02,134.0
2017-05-03,135.0
2017-05-04,132.6999969482422
2017-05-05,133.10000610351562
2017-05-07,
2017-05-08,134.5500030517578
2017-05-09,132.8000030517578
2017-05-10,134.3000030517578
2017-05-11,131.89999389648438
2017-05-12,132.60000610351562
2017-05-14,
2017-05-15,131.25
2017-05-16,129.25
2017-05-17,132.1999969482422
2017-05-18,127.4000015258789
2017-05-19,132.10000610351562
2017-05-21,
2017-05-22,130.60000610351562
2017-05-23,130.25
2017-05-24,128.5500030517578
2017-05-25,129.3000030517578
2017-05-26,131.1999969482422
2017-05-28,
2017-05-29,
2017-05-30,132.10000610351562
2017-05-31,129.35000610351562
2017-06-01,127.69999694824219
2017-06-02,125.55000305175781
2017-06-04,
2017-06-05,128.4499969482422
2017-06-06,125.55000305175781
2017-06-07,125.75
2017-06-08,126.3499984741211
2017-06-09,126.55000305175781
2017-06-11,
2017-06-12,127.5999984741211
2017-06-13,126.4000015258789
2017-06-14,125.55000305175781
2017-06-15,125.80000305175781
2017-06-16,123.55000305175781
2017-06-18,
2017-06-19,124.19999694824219
2017-06-20,121.94999694824219
2017-06-21,119.3499984741211
2017-06-22,113.44999694824219
2017-06-23,119.94999694824219
2017-06-25,
2017-06-26,121.94999694824219
2017-06-27,122.75
2017-06-28,122.75
2017-06-29,124.75
2017-06-30,124.05000305175781
2017-07-02,
2017-07-03,125.8499984741211
2017-07-04,
2017-07-05,127.6500015258789
2017-07-06,126.75
2017-07-07,126.55000305175781
2017-07-09,
2017-07-10,126.25
2017-07-11,124.44999694824219
2017-07-12,126.0
2017-07-13,129.35000610351562
2017-07-14,131.6999969482422
2017-07-16,
2017-07-17,131.5500030517578
2017-07-18,131.89999389648438
2017-07-19,131.1999969482422
2017-07-20,135.0
2017-07-21,136.5500030517578
2017-07-23,
2017-07-24,132.5500030517578
2017-07-25,130.60000610351562
2017-07-26,134.8000030517578
2017-07-27,135.9499969482422
2017-07-28,137.85000610351562
2017-07-30,
2017-07-31,139.25
2017-08-01,137.85000610351562
2017-08-02,140.35000610351562
2017-08-03,140.1999969482422
2017-08-04,140.14999389648438
2017-08-06,
2017-08-07,142.0500030517578
2017-08-08,142.75
2017-08-09,142.64999389648438
2017-08-10,138.5
2017-08-11,140.3000030517578
2017-08-13,
2017-08-14,136.9499969482422
2017-08-15,132.0
2017-08-16,130.9499969482422
2017-08-17,128.4499969482422
2017-08-18,128.0500030517578
2017-08-20,
2017-08-21,126.4000015258789
2017-08-22,125.8499984741211
2017-08-23,126.25
2017-08-24,126.69999694824219
2017-08-25,130.1999969482422
2017-08-27,
2017-08-28,129.89999389648438
2017-08-29,127.30000305175781
2017-08-30,126.94999694824219
2017-08-31,128.14999389648438
2017-09-01,127.75
2017-09-03,
2017-09-04,
2017-09-05,126.5
2017-09-06,126.5999984741211
2017-09-07,127.9000015258789
2017-09-08,129.39999389648438
2017-09-10,
2017-09-11,130.60000610351562
2017-09-12,133.8000030517578
2017-09-13,136.60000610351562
2017-09-14,135.85000610351562
2017-09-15,140.0
2017-09-17,
2017-09-18,138.9499969482422
2017-09-19,133.9499969482422
2017-09-20,136.5500030517578
2017-09-21,135.0
2017-09-22,134.4499969482422
2017-09-24,
2017-09-25,131.5500030517578
2017-09-26,132.25
2017-09-27,129.35000610351562
2017-09-28,128.5
2017-09-29,128.0500030517578
2017-10-01,
2017-10-02,127.19999694824219
2017-10-03,125.44999694824219
2017-10-04,125.1500015258789
2017-10-05,127.19999694824219
2017-10-06,130.0
2017-10-08,
2017-10-09,130.9499969482422
2017-10-10,131.0
2017-10-11,126.80000305175781
2017-10-12,126.3499984741211
2017-10-13,126.44999694824219
2017-10-15,
2017-10-16,123.75
2017-10-17,124.1500015258789
2017-10-18,124.30000305175781
2017-10-19,126.8499984741211
2017-10-20,125.25
2017-10-22,
2017-10-23,124.3499984741211
2017-10-24,123.19999694824219
2017-10-25,124.0999984741211
2017-10-26,124.55000305175781
2017-10-27,126.5999984741211
2017-10-30,125.9000015258789
2017-10-31,125.0999984741211
2017-11-01,122.94999694824219
2017-11-02,126.4000015258789
2017-11-03,123.94999694824219
2017-11-06,125.55000305175781
2017-11-07,124.69999694824219
2017-11-08,125.75
2017-11-09,126.4000015258789
2017-11-10,127.55000305175781
2017-11-13,127.5999984741211
2017-11-14,127.05000305175781
2017-11-15,126.75
2017-11-16,126.69999694824219
2017-11-17,123.80000305175781
2017-11-20,122.9000015258789
2017-11-21,123.8499984741211
2017-11-22,124.55000305175781
2017-11-23,
2017-11-24,124.80000305175781
2017-11-27,125.55000305175781
2017-11-28,127.44999694824219
2017-11-29,129.60000610351562
2017-11-30,126.30000305175781
2017-12-01,127.55000305175781
2017-12-04,126.75
2017-12-05,125.94999694824219
2017-12-06,124.8499984741211
2017-12-07,120.8499984741211
2017-12-08,120.5999984741211
2017-12-11,119.0
2017-12-12,117.05000305175781
2017-12-13,118.94999694824219
2017-12-14,119.1500015258789
2017-12-15,116.94999694824219
2017-12-18,118.55000305175781
2017-12-19,121.75
2017-12-20,123.1500015258789
2017-12-21,122.25
2017-12-22,120.4000015258789
2017-12-25,
2017-12-26,122.19999694824219
2017-12-27,124.5
2017-12-28,124.80000305175781
2017-12-29,126.19999694824219
2018-01-01,
2018-01-02,130.1999969482422
2018-01-03,128.60000610351562
2018-01-04,129.5500030517578
2018-01-05,128.4499969482422
2018-01-08,125.1500015258789
2018-01-09,125.1500015258789
2018-01-10,123.94999694824219
2018-01-11,122.80000305175781
2018-01-12,122.25
2018-01-15,
2018-01-16,120.44999694824219
2018-01-17,123.0999984741211
2018-01-18,121.0999984741211
2018-01-19,121.25
2018-01-22,122.55000305175781
2018-01-23,120.94999694824219
2018-01-24,122.5
2018-01-25,123.6500015258789
2018-01-26,125.1500015258789
2018-01-29,124.94999694824219
2018-01-30,122.30000305175781
2018-01-31,121.8499984741211
2018-02-01,121.4000015258789
2018-02-02,120.4000015258789
2018-02-05,119.80000305175781
2018-02-06,122.8499984741211
2018-02-07,123.30000305175781
2018-02-08,122.8499984741211
2018-02-09,121.8499984741211
2018-02-12,121.4000015258789
2018-02-13,122.75
2018-02-14,122.80000305175781
2018-02-15,121.75
2018-02-16,117.94999694824219
2018-02-19,
2018-02-20,118.19999694824219
2018-02-21,116.94999694824219
2018-02-22,119.5999984741211
2018-02-23,119.44999694824219
2018-02-26,120.5
2018-02-27,119.94999694824219
2018-02-28,121.05000305175781
2018-03-01,122.44999694824219
2018-03-02,120.3499984741211
2018-03-05,119.19999694824219
2018-03-06,119.94999694824219
2018-03-07,119.30000305175781
2018-03-08,119.0
2018-03-09,118.8499984741211
2018-03-12,118.1500015258789
2018-03-13,120.44999694824219
2018-03-14,119.94999694824219
2018-03-15,117.6500015258789
2018-03-16,116.94999694824219
2018-03-19,118.3499984741211
2018-03-20,118.94999694824219
2018-03-21,118.8499984741211
2018-03-22,119.0
2018-03-23,117.19999694824219
2018-03-25,
2018-03-26,118.1500015258789
2018-03-27,118.94999694824219
2018-03-28,117.75
2018-03-29,118.1500015258789
2018-04-01,
2018-04-02,116.4000015258789
2018-04-03,116.5999984741211
2018-04-04,116.9000015258789
2018-04-05,117.55000305175781
2018-04-06,117.44999694824219
2018-04-08,
2018-04-09,118.6500015258789
2018-04-10,117.5999984741211
2018-04-11,118.1500015258789
2018-04-12,117.9000015258789
2018-04-13,117.30000305175781
2018-04-15,
2018-04-16,114.25
2018-04-17,113.55000305175781
2018-04-18,114.9000015258789
2018-04-19,114.25
2018-04-20,115.75
2018-04-22,
2018-04-23,117.0
2018-04-24,118.5
2018-04-25,116.8499984741211
2018-04-26,117.5999984741211
2018-04-27,120.3499984741211
2018-04-29,
2018-04-30,120.6500015258789
2018-05-01,122.5999984741211
2018-05-02,121.5999984741211
2018-05-03,122.19999694824219
2018-05-04,120.44999694824219
2018-05-06,
2018-05-07,118.19999694824219
2018-05-08,116.55000305175781
2018-05-09,115.5
2018-05-10,116.30000305175781
2018-05-11,115.25
2018-05-13,
2018-05-14,113.6500015258789
2018-05-15,112.9000015258789
2018-05-16,113.25
2018-05-17,113.8499984741211
2018-05-18,113.94999694824219
2018-05-20,
2018-05-21,120.19999694824219
2018-05-22,120.8499984741211
2018-05-23,119.3499984741211
2018-05-24,120.55000305175781
2018-05-25,120.4000015258789
2018-05-27,
2018-05-28,
2018-05-29,120.25
2018-05-30,120.30000305175781
2018-05-31,123.69999694824219
2018-06-01,122.75
2018-06-03,
2018-06-04,121.5
2018-06-05,119.44999694824219
2018-06-06,118.25
2018-06-07,115.69999694824219
2018-06-08,117.25
2018-06-10,
2018-06-11,117.0999984741211
2018-06-12,117.3499984741211
2018-06-13,116.3499984741211
2018-06-14,115.69999694824219
2018-06-15,115.19999694824219
2018-06-17,
2018-06-18,114.44999694824219
2018-06-19,114.0999984741211
2018-06-20,113.6500015258789
2018-06-21,112.5999984741211
2018-06-22,113.8499984741211
2018-06-24,
2018-06-25,114.1500015258789
2018-06-26,114.80000305175781
2018-06-27,114.30000305175781
2018-06-28,112.1500015258789
2018-06-29,111.5
2018-07-01,
2018-07-02,107.80000305175781
2018-07-03,108.3499984741211
2018-07-04,
2018-07-05,106.30000305175781
2018-07-06,111.25
2018-07-08,
2018-07-09,112.19999694824219
2018-07-10,111.94999694824219
2018-07-11,109.19999694824219
2018-07-12,108.69999694824219
2018-07-13,107.05000305175781
2018-07-15,
2018-07-16,107.44999694824219
2018-07-17,105.69999694824219
2018-07-18,104.5999984741211
2018-07-19,105.25
2018-07-20,110.6500015258789
2018-07-22,
2018-07-23,111.6500015258789
2018-07-24,110.94999694824219
2018-07-25,111.0
2018-07-26,109.55000305175781
2018-07-27,110.44999694824219
2018-07-29,
2018-07-30,111.4000015258789
2018-07-31,109.9000015258789
2018-08-01,108.05000305175781
2018-08-02,106.69999694824219
2018-08-03,107.75
2018-08-05,
2018-08-06,108.75
2018-08-07,109.05000305175781
2018-08-08,107.8499984741211
2018-08-09,107.6500015258789
2018-08-10,107.0
2018-08-12,
2018-08-13,106.25
2018-08-14,105.05000305175781
2018-08-15,102.4000015258789
2018-08-16,101.69999694824219
2018-08-17,101.19999694824219
2018-08-19,
2018-08-20,97.25
2018-08-21,97.94999694824219
2018-08-22,96.4000015258789
2018-08-23,97.19999694824219
2018-08-24,100.55000305175781
2018-08-26,
2018-08-27,101.8499984741211
2018-08-28,99.25
2018-08-29,98.6500015258789
2018-08-30,98.94999694824219
2018-08-31,98.0999984741211
2018-09-02,
2018-09-03,
2018-09-04,97.75
2018-09-05,100.0999984741211
2018-09-06,97.94999694824219
2018-09-07,98.80000305175781
2018-09-09,
2018-09-10,97.5
2018-09-11,96.19999694824219
2018-09-12,97.8499984741211
2018-09-13,96.4000015258789
2018-09-14,95.44999694824219
2018-09-16,
2018-09-17,93.44999694824219
2018-09-18,92.0
2018-09-19,96.69999694824219
2018-09-20,99.75
2018-09-21,99.9000015258789
2018-09-23,
2018-09-24,98.5
2018-09-25,97.0999984741211
2018-09-26,97.75
2018-09-27,99.30000305175781
2018-09-28,102.44999694824219
2018-09-30,
2018-10-01,102.19999694824219
2018-10-02,107.6500015258789
2018-10-03,106.5999984741211
2018-10-04,106.94999694824219
2018-10-05,108.94999694824219
2018-10-07,
2018-10-08,111.8499984741211
2018-10-09,113.1500015258789
2018-10-10,111.9000015258789
2018-10-11,112.9000015258789
2018-10-12,116.55000305175781
2018-10-14,
2018-10-15,119.3499984741211
2018-10-16,117.6500015258789
2018-10-17,122.55000305175781
2018-10-18,122.05000305175781
2018-10-19,122.0999984741211
2018-10-21,
2018-10-22,117.6500015258789
2018-10-23,121.0999984741211
2018-10-24,120.25
2018-10-25,121.1500015258789
2018-10-26,119.6500015258789
2018-10-29,114.25
2018-10-30,112.4000015258789
2018-10-31,112.69999694824219
2018-11-01,117.80000305175781
2018-11-02,120.05000305175781
2018-11-05,117.0999984741211
2018-11-06,113.25
2018-11-07,115.5999984741211
2018-11-08,116.6500015258789
2018-11-09,113.8499984741211
2018-11-12,110.1500015258789
2018-11-13,109.19999694824219
2018-11-14,112.6500015258789
2018-11-15,110.05000305175781
2018-11-16,112.5999984741211
2018-11-19,112.3499984741211
2018-11-20,110.6500015258789
2018-11-21,110.30000305175781
2018-11-22,
2018-11-23,107.1500015258789
2018-11-26,107.0
2018-11-27,109.5
2018-11-28,110.0999984741211
2018-11-29,108.5
2018-11-30,103.25
2018-12-03,103.5
2018-12-04,101.9000015258789
2018-12-05,
2018-12-06,100.6500015258789
2018-12-07,98.80000305175781
2018-12-10,100.44999694824219
2018-12-11,97.6500015258789
2018-12-12,97.75
2018-12-13,98.80000305175781
2018-12-14,96.94999694824219
2018-12-17,94.69999694824219
2018-12-18,94.3499984741211
2018-12-19,100.8499984741211
2018-12-20,102.5
2018-12-21,99.69999694824219
2018-12-24,102.19999694824219
2018-12-25,
2018-12-26,103.9000015258789
2018-12-27,101.75
2018-12-28,100.94999694824219
2018-12-31,101.8499984741211
2019-01-01,
2019-01-02,99.5
2019-01-03,102.1500015258789
2019-01-04,101.5999984741211
2019-01-07,102.75
2019-01-08,105.05000305175781
2019-01-09,105.30000305175781
2019-01-10,104.25
2019-01-11,103.8499984741211
2019-01-14,102.75
2019-01-15,101.30000305175781
2019-01-16,102.4000015258789
2019-01-17,102.4000015258789
2019-01-18,104.94999694824219
2019-01-21,
2019-01-22,103.3499984741211
2019-01-23,103.4000015258789
2019-01-24,105.30000305175781
2019-01-25,106.80000305175781
2019-01-28,102.6500015258789
2019-01-29,102.5999984741211
2019-01-30,102.0999984741211
2019-01-31,105.9000015258789
2019-02-01,103.69999694824219
2019-02-04,105.5999984741211
2019-02-05,104.8499984741211
2019-02-06,105.5
2019-02-07,104.30000305175781
2019-02-08,102.5999984741211
2019-02-11,100.19999694824219
2019-02-12,100.44999694824219
2019-02-13,98.9000015258789
2019-02-14,97.8499984741211
2019-02-15,97.94999694824219
2019-02-18,
2019-02-19,97.19999694824219
2019-02-20,97.55000305175781
2019-02-21,96.0999984741211
2019-02-22,96.44999694824219
2019-02-25,96.4000015258789
2019-02-26,93.55000305175781
2019-02-27,95.69999694824219
2019-02-28,95.19999694824219
2019-03-01,96.94999694824219
2019-03-04,94.0999984741211
2019-03-05,96.44999694824219
2019-03-06,95.5
2019-03-07,93.6500015258789
2019-03-08,95.30000305175781
2019-03-11,94.0
2019-03-12,92.80000305175781
2019-03-13,94.44999694824219
2019-03-14,93.94999694824219
2019-03-15,94.5999984741211
2019-03-18,93.6500015258789
2019-03-19,93.44999694824219
2019-03-20,94.75
2019-03-21,94.80000305175781
2019-03-22,93.9000015258789
2019-03-25,94.25
2019-03-26,95.3499984741211
2019-03-27,93.8499984741211
2019-03-28,94.0
2019-03-29,94.5
2019-03-31,
2019-04-01,92.0999984741211
2019-04-02,91.6500015258789
2019-04-03,95.3499984741211
2019-04-04,95.30000305175781
2019-04-05,93.19999694824219
2019-04-07,
2019-04-08,92.94999694824219
2019-04-09,93.6500015258789
2019-04-10,94.25
2019-04-11,90.25
2019-04-12,90.4000015258789
2019-04-14,
2019-04-15,91.4000015258789
2019-04-16,90.5
2019-04-17,87.05000305175781
2019-04-18,90.19999694824219
2019-04-21,
2019-04-22,91.0999984741211
2019-04-23,91.5
2019-04-24,90.44999694824219
2019-04-25,92.05000305175781
2019-04-26,92.69999694824219
2019-04-28,
2019-04-29,91.3499984741211
2019-04-30,91.8499984741211
2019-05-01,89.80000305175781
2019-05-02,90.25
2019-05-03,89.25
2019-05-05,
2019-05-06,88.80000305175781
2019-05-07,86.6500015258789
2019-05-08,87.19999694824219
2019-05-09,89.5
2019-05-10,89.44999694824219
2019-05-12,
2019-05-13,88.25
2019-05-14,89.55000305175781
2019-05-15,89.9000015258789
2019-05-16,90.0
2019-05-17,87.3499984741211
2019-05-19,
2019-05-20,88.25
2019-05-21,92.9000015258789
2019-05-22,91.75
2019-05-23,93.5
2019-05-24,93.30000305175781
2019-05-26,
2019-05-27,
2019-05-28,96.05000305175781
2019-05-29,99.5
2019-05-30,102.3499984741211
2019-05-31,104.5999984741211
2019-06-02,
2019-06-03,103.75
2019-06-04,105.6500015258789
2019-06-05,99.0999984741211
2019-06-06,102.05000305175781
2019-06-07,100.94999694824219
2019-06-09,
2019-06-10,98.5999984741211
2019-06-11,97.0
2019-06-12,99.05000305175781
2019-06-13,97.3499984741211
2019-06-14,96.0
2019-06-16,
2019-06-17,96.05000305175781
2019-06-18,94.30000305175781
2019-06-19,96.25
2019-06-20,101.05000305175781
2019-06-21,99.80000305175781
2019-06-23,
2019-06-24,102.0
2019-06-25,106.44999694824219
2019-06-26,104.9000015258789
2019-06-27,105.55000305175781
2019-06-28,108.25
2019-06-30,
2019-07-01,110.1500015258789
2019-07-02,108.25
2019-07-03,112.25
2019-07-04,
2019-07-05,109.44999694824219
2019-07-07,
2019-07-08,104.75
2019-07-09,105.9000015258789
2019-07-10,104.3499984741211
2019-07-11,105.5
2019-07-12,105.19999694824219
2019-07-14,
2019-07-15,108.80000305175781
2019-07-16,104.0999984741211
2019-07-17,105.94999694824219
2019-07-18,107.1500015258789
2019-07-19,105.8499984741211
2019-07-21,
2019-07-22,105.0999984741211
2019-07-23,102.30000305175781
2019-07-24,101.0
2019-07-25,100.6500015258789
2019-07-26,99.75
2019-07-28,
2019-07-29,101.1500015258789
2019-07-30,99.5
2019-07-31,99.6500015258789
2019-08-01,97.25
2019-08-02,98.1500015258789
2019-08-04,
2019-08-05,95.6500015258789
2019-08-06,97.05000305175781
2019-08-07,96.9000015258789
2019-08-08,97.4000015258789
2019-08-09,97.30000305175781
2019-08-11,
2019-08-12,93.75
2019-08-13,96.3499984741211
2019-08-14,94.44999694824219
2019-08-15,94.55000305175781
2019-08-16,92.8499984741211
2019-08-18,
2019-08-19,91.1500015258789
2019-08-20,91.44999694824219
2019-08-21,92.8499984741211
2019-08-22,93.5
2019-08-23,92.5999984741211
2019-08-25,
2019-08-26,94.1500015258789
2019-08-27,93.80000305175781
2019-08-28,94.19999694824219
2019-08-29,91.9000015258789
2019-08-30,93.5999984741211
2019-09-01,
2019-09-02,
2019-09-03,92.3499984741211
2019-09-04,93.4000015258789
2019-09-05,92.19999694824219
2019-09-06,93.8499984741211
2019-09-08,
2019-09-09,95.0
2019-09-10,98.3499984741211
2019-09-11,100.1500015258789
2019-09-12,100.3499984741211
2019-09-13,99.5
2019-09-15,
2019-09-16,100.80000305175781
2019-09-17,96.8499984741211
2019-09-18,96.8499984741211
2019-09-19,98.3499984741211
2019-09-20,98.4000015258789
2019-09-22,
2019-09-23,99.0
2019-09-24,99.1500015258789
2019-09-25,100.94999694824219
2019-09-26,100.8499984741211
2019-09-27,100.9000015258789
2019-09-29,
2019-09-30,101.1500015258789
2019-10-01,101.3499984741211
2019-10-02,100.5999984741211
2019-10-03,102.05000305175781
2019-10-04,99.0
2019-10-06,
2019-10-07,97.0
2019-10-08,95.69999694824219
2019-10-09,95.44999694824219
2019-10-10,93.5
2019-10-11,93.69999694824219
2019-10-13,
2019-10-14,94.8499984741211
2019-10-15,94.44999694824219
2019-10-16,93.55000305175781
2019-10-17,92.9000015258789
2019-10-18,95.69999694824219
2019-10-20,
2019-10-21,96.3499984741211
2019-10-22,98.9000015258789
2019-10-23,97.75
2019-10-24,96.44999694824219
2019-10-25,99.44999694824219
2019-10-28,100.5
2019-10-29,98.94999694824219
2019-10-30,99.3499984741211
2019-10-31,101.94999694824219
2019-11-01,104.0
2019-11-04,103.6500015258789
2019-11-05,105.80000305175781
2019-11-06,108.0
2019-11-07,109.0999984741211
2019-11-08,109.44999694824219
2019-11-11,106.0
2019-11-12,105.5999984741211
2019-11-13,107.94999694824219
2019-11-14,108.05000305175781
2019-11-15,106.1500015258789
2019-11-18,105.55000305175781
2019-11-19,102.69999694824219
2019-11-20,109.69999694824219
2019-11-21,115.25
2019-11-22,114.5999984741211
2019-11-25,117.80000305175781
2019-11-26,115.69999694824219
2019-11-27,117.30000305175781
2019-11-28,
2019-11-29,118.55000305175781
2019-12-02,121.5
2019-12-03,122.8499984741211
2019-12-04,120.5999984741211
2019-12-05,123.94999694824219
2019-12-06,123.69999694824219
2019-12-09,127.30000305175781
2019-12-10,132.0500030517578
2019-12-11,133.85000610351562
2019-12-12,135.89999389648438
2019-12-13,129.4499969482422
2019-12-16,135.8000030517578
2019-12-17,132.1999969482422
2019-12-18,131.6999969482422
2019-12-19,127.19999694824219
2019-12-20,130.6999969482422
2019-12-23,125.30000305175781
2019-12-24,129.39999389648438
2019-12-25,
2019-12-26,127.30000305175781
2019-12-27,132.5
2019-12-30,132.14999389648438
2019-12-31,129.6999969482422
2020-01-01,
2020-01-02,127.0999984741211
2020-01-03,126.3499984741211
2020-01-06,122.1500015258789
2020-01-07,122.4000015258789
2020-01-08,119.1500015258789
2020-01-09,117.3499984741211
2020-01-10,118.94999694824219
2020-01-13,114.55000305175781
2020-01-14,114.9000015258789
2020-01-15,114.30000305175781
2020-01-16,112.94999694824219
2020-01-17,112.1500015258789
2020-01-20,
2020-01-21,111.05000305175781
2020-01-22,111.0
2020-01-23,112.5999984741211
2020-01-24,110.1500015258789
2020-01-27,106.5999984741211
2020-01-28,105.05000305175781
2020-01-29,102.05000305175781
2020-01-30,101.5
2020-01-31,102.6500015258789
2020-02-03,97.9000015258789
2020-02-04,98.1500015258789
2020-02-05,97.75
2020-02-06,98.1500015258789
2020-02-07,98.3499984741211
2020-02-10,100.30000305175781
2020-02-11,100.5
2020-02-12,100.6500015258789
2020-02-13,104.44999694824219
2020-02-14,109.0999984741211
2020-02-17,
2020-02-18,106.55000305175781
2020-02-19,106.80000305175781
2020-02-20,103.5999984741211
2020-02-21,108.8499984741211
2020-02-24,105.9000015258789
2020-02-25,107.0999984741211
2020-02-26,109.0999984741211
2020-02-27,108.19999694824219
2020-02-28,110.0999984741211
2020-03-02,114.6500015258789
2020-03-03,121.05000305175781
2020-03-04,117.1500015258789
2020-03-05,109.8499984741211
2020-03-06,105.5999984741211
2020-03-09,108.94999694824219
2020-03-10,114.25
2020-03-11,111.55000305175781
2020-03-12,109.1500015258789
2020-03-13,107.05000305175781
2020-03-16,103.9000015258789
2020-03-17,102.9000015258789
2020-03-18,108.05000305175781
2020-03-19,116.6500015258789
2020-03-20,119.69999694824219
2020-03-23,121.25
2020-03-24,125.5999984741211
2020-03-25,129.9499969482422
2020-03-26,124.6500015258789
2020-03-27,115.8499984741211
2020-03-29,
2020-03-30,119.30000305175781
2020-03-31,119.55000305175781
2020-04-01,116.0
2020-04-02,119.3499984741211
2020-04-03,114.9000015258789
2020-04-05,
2020-04-06,116.6500015258789
2020-04-07,119.9000015258789
2020-04-08,119.80000305175781
2020-04-09,118.5999984741211
2020-04-12,
2020-04-13,119.75
2020-04-14,117.19999694824219
2020-04-15,120.19999694824219
2020-04-16,118.5999984741211
2020-04-17,116.05000305175781
2020-04-19,
2020-04-20,113.6500015258789
2020-04-21,109.6500015258789
2020-04-22,110.5999984741211
2020-04-23,111.05000305175781
2020-04-24,105.19999694824219
2020-04-26,
2020-04-27,104.5999984741211
2020-04-28,105.69999694824219
2020-04-29,103.6500015258789
2020-04-30,104.6500015258789
2020-05-01,104.44999694824219
2020-05-03,
2020-05-04,105.55000305175781
2020-05-05,108.8499984741211
2020-05-06,109.3499984741211
2020-05-07,107.44999694824219
2020-05-08,110.0999984741211
2020-05-10,
2020-05-11,108.94999694824219
2020-05-12,105.5999984741211
2020-05-13,103.55000305175781
2020-05-14,104.9000015258789
2020-05-15,104.80000305175781
2020-05-17,
2020-05-18,105.69999694824219
2020-05-19,107.05000305175781
2020-05-20,105.6500015258789
2020-05-21,104.75
2020-05-22,103.5999984741211
2020-05-24,
2020-05-25,
2020-05-26,105.0999984741211
2020-05-27,102.5
2020-05-28,99.0999984741211
2020-05-29,96.30000305175781
2020-05-31,
2020-06-01,98.30000305175781
2020-06-02,98.19999694824219
2020-06-03,99.0999984741211
2020-06-04,98.1500015258789
2020-06-05,98.9000015258789
2020-06-07,
2020-06-08,98.9000015258789
2020-06-09,97.80000305175781
2020-06-10,96.75
2020-06-11,96.0
2020-06-12,95.19999694824219
2020-06-14,
2020-06-15,94.0
2020-06-16,93.6500015258789
2020-06-17,96.25
2020-06-18,94.5999984741211
2020-06-19,93.75
2020-06-21,
2020-06-22,95.94999694824219
2020-06-23,96.25
2020-06-24,96.6500015258789
2020-06-25,94.8499984741211
2020-06-26,95.6500015258789
2020-06-28,
2020-06-29,98.6500015258789
2020-06-30,100.05000305175781
2020-07-01,103.05000305175781
2020-07-02,102.25
2020-07-05,
2020-07-06,97.19999694824219
2020-07-07,99.25
2020-07-08,98.94999694824219
2020-07-09,97.69999694824219
2020-07-10,96.1500015258789
2020-07-12,
2020-07-13,97.4000015258789
2020-07-14,96.69999694824219
2020-07-15,95.94999694824219
2020-07-16,97.0999984741211
2020-07-17,101.05000305175781
2020-07-19,
2020-07-20,98.5
2020-07-21,100.5
2020-07-22,108.3499984741211
2020-07-23,107.5
2020-07-24,108.4000015258789
2020-07-26,
2020-07-27,110.4000015258789
2020-07-28,109.6500015258789
2020-07-29,111.5999984741211
2020-07-30,115.3499984741211
2020-07-31,118.94999694824219
2020-08-02,
2020-08-03,117.9000015258789
2020-08-04,121.05000305175781
2020-08-05,121.55000305175781
2020-08-06,117.0
2020-08-07,115.44999694824219
2020-08-09,
2020-08-10,112.5999984741211
2020-08-11,111.3499984741211
2020-08-12,112.05000305175781
2020-08-13,116.19999694824219
2020-08-14,114.69999694824219
2020-08-16,
2020-08-17,115.55000305175781
2020-08-18,119.30000305175781
2020-08-19,118.44999694824219
2020-08-20,118.55000305175781
2020-08-21,120.0999984741211
2020-08-23,
2020-08-24,120.25
2020-08-25,123.19999694824219
2020-08-26,122.80000305175781
2020-08-27,122.94999694824219
2020-08-28,127.0999984741211
2020-08-30,
2020-08-31,129.8000030517578
2020-09-01,131.89999389648438
2020-09-02,131.5
2020-09-03,131.60000610351562
2020-09-04,134.8000030517578
2020-09-06,
2020-09-07,
2020-09-08,132.8000030517578
2020-09-09,129.64999389648438
2020-09-10,132.5
2020-09-11,133.35000610351562
2020-09-13,
2020-09-14,123.55000305175781
2020-09-15,122.19999694824219
2020-09-16,120.55000305175781
2020-09-17,118.0999984741211
2020-09-18,113.5999984741211
2020-09-20,
2020-09-21,112.0
2020-09-22,110.6500015258789
2020-09-23,110.5
2020-09-24,111.1500015258789
2020-09-25,113.6500015258789
2020-09-27,
2020-09-28,109.55000305175781
2020-09-29,109.55000305175781
2020-09-30,110.94999694824219
2020-10-01,107.05000305175781
2020-10-02,108.94999694824219
2020-10-04,
2020-10-05,107.19999694824219
2020-10-06,107.6500015258789
2020-10-07,109.5999984741211
2020-10-08,110.25
2020-10-09,111.55000305175781
2020-10-11,
2020-10-12,109.1500015258789
2020-10-13,110.0999984741211
2020-10-14,109.5999984741211
2020-10-15,109.5
2020-10-16,107.25
2020-10-18,
2020-10-19,106.05000305175781
2020-10-20,104.9000015258789
2020-10-21,104.1500015258789
2020-10-22,106.69999694824219
2020-10-23,105.5999984741211
2020-10-26,106.6500015258789
2020-10-27,106.94999694824219
2020-10-28,105.0
2020-10-29,104.5999984741211
2020-10-30,104.4000015258789
2020-11-02,102.80000305175781
2020-11-03,103.44999694824219
2020-11-04,103.0
2020-11-05,105.94999694824219
2020-11-06,106.94999694824219
2020-11-09,106.8499984741211
2020-11-10,107.30000305175781
2020-11-11,109.0999984741211
2020-11-12,110.0999984741211
2020-11-13,109.25
2020-11-16,115.6500015258789
2020-11-17,116.19999694824219
2020-11-18,119.75
2020-11-19,120.6500015258789
2020-11-20,115.5
2020-11-23,114.44999694824219
2020-11-24,113.1500015258789
2020-11-25,114.5
2020-11-26,
2020-11-27,121.69999694824219
2020-11-30,120.69999694824219
2020-12-01,115.6500015258789
2020-12-02,116.8499984741211
2020-12-03,117.6500015258789
2020-12-04,115.3499984741211
2020-12-07,116.94999694824219
2020-12-08,117.0999984741211
2020-12-09,114.9000015258789
2020-12-10,118.55000305175781
2020-12-11,119.0999984741211
2020-12-14,123.55000305175781
2020-12-15,123.0999984741211
2020-12-16,125.05000305175781
2020-12-17,125.05000305175781
2020-12-18,123.69999694824219
2020-12-21,124.30000305175781
2020-12-22,124.19999694824219
2020-12-23,124.55000305175781
2020-12-24,125.94999694824219
2020-12-25,
2020-12-28,123.3499984741211
2020-12-29,125.4000015258789
2020-12-30,125.4000015258789
2020-12-31,128.25
2021-01-01,
2021-01-04,126.1500015258789
2021-01-05,125.0999984741211
2021-01-06,120.9000015258789
2021-01-07,121.0999984741211
2021-01-08,123.69999694824219
2021-01-11,121.44999694824219
2021-01-12,121.4000015258789
2021-01-13,125.25
2021-01-14,127.3499984741211
2021-01-15,128.14999389648438
2021-01-18,
2021-01-19,127.1500015258789
2021-01-20,125.19999694824219
2021-01-21,126.44999694824219
2021-01-22,124.05000305175781
2021-01-25,123.25
2021-01-26,124.5
2021-01-27,125.5
2021-01-28,124.0
2021-01-29,122.94999694824219
2021-02-01,125.3499984741211
2021-02-02,123.4000015258789
2021-02-03,123.94999694824219
2021-02-04,124.05000305175781
2021-02-05,124.5
2021-02-08,124.0999984741211
2021-02-09,122.94999694824219
2021-02-10,121.0999984741211
2021-02-11,121.19999694824219
2021-02-12,121.1500015258789
2021-02-15,
2021-02-16,124.3499984741211
2021-02-17,125.69999694824219
2021-02-18,127.5999984741211
2021-02-19,127.5
2021-02-22,133.4499969482422
2021-02-23,136.85000610351562
2021-02-24,135.64999389648438
2021-02-25,139.1999969482422
2021-02-26,136.85000610351562
2021-03-01,135.14999389648438
2021-03-02,133.1999969482422
2021-03-03,131.14999389648438
2021-03-04,128.39999389648438
2021-03-05,128.75
2021-03-08,129.0500030517578
2021-03-09,128.89999389648438
2021-03-10,129.35000610351562
2021-03-11,131.8000030517578
2021-03-12,132.4499969482422
2021-03-15,131.4499969482422
2021-03-16,133.8000030517578
2021-03-17,132.85000610351562
2021-03-18,126.4000015258789
2021-03-19,125.44999694824219
2021-03-22,130.10000610351562
2021-03-23,127.5999984741211
2021-03-24,126.5
2021-03-25,126.5999984741211
2021-03-26,128.5
2021-03-28,
2021-03-29,127.05000305175781
2021-03-30,122.5999984741211
2021-03-31,123.5
2021-04-01,121.5999984741211
2021-04-04,
2021-04-05,122.0999984741211
2021-04-06,126.8499984741211
2021-04-07,126.75
2021-04-08,127.8499984741211
2021-04-09,127.25
2021-04-11,
2021-04-12,128.10000610351562
2021-04-13,130.0500030517578
2021-04-14,132.10000610351562
2021-04-15,132.6999969482422
2021-04-16,129.14999389648438
2021-04-18,
2021-04-19,129.85000610351562
2021-04-20,132.4499969482422
2021-04-21,132.1999969482422
2021-04-22,134.3000030517578
2021-04-23,136.85000610351562
2021-04-25,
2021-04-26,141.75
2021-04-27,144.35000610351562
2021-04-28,144.3000030517578
2021-04-29,141.39999389648438
2021-04-30,139.9499969482422
2021-05-02,
2021-05-03,138.75
2021-05-04,138.89999389648438
2021-05-05,148.5
2021-05-06,153.5
2021-05-07,152.3000030517578
2021-05-09,
2021-05-10,147.60000610351562
2021-05-11,147.89999389648438
2021-05-12,145.75
2021-05-13,145.64999389648438
2021-05-14,144.25
2021-05-16,
2021-05-17,145.0
2021-05-18,151.8000030517578
2021-05-19,150.9499969482422
2021-05-20,150.9499969482422
2021-05-21,150.10000610351562
2021-05-23,
2021-05-24,149.0
2021-05-25,150.5
2021-05-26,155.6999969482422
2021-05-27,155.35000610351562
2021-05-28,162.35000610351562
2021-05-30,
2021-05-31,
2021-06-01,161.0500030517578
2021-06-02,161.14999389648438
2021-06-03,157.60000610351562
2021-06-04,161.64999389648438
2021-06-06,
2021-06-07,160.14999389648438
2021-06-08,157.6999969482422
2021-06-09,157.1999969482422
2021-06-10,158.6999969482422
2021-06-11,157.4499969482422
2021-06-13,
2021-06-14,154.10000610351562
2021-06-15,151.1999969482422
2021-06-16,153.35000610351562
2021-06-17,149.5500030517578
2021-06-18,149.89999389648438
2021-06-20,
2021-06-21,152.35000610351562
2021-06-22,151.25
2021-06-23,153.14999389648438
2021-06-24,152.39999389648438
2021-06-25,157.25
2021-06-27,
2021-06-28,162.25
2021-06-29,159.6999969482422
2021-06-30,159.35000610351562
2021-07-01,156.0
2021-07-02,152.5500030517578
2021-07-04,
2021-07-05,
2021-07-06,147.89999389648438
2021-07-07,149.75
2021-07-08,152.0500030517578
2021-07-09,151.3000030517578
2021-07-11,
2021-07-12,153.85000610351562
2021-07-13,152.10000610351562
2021-07-14,156.4499969482422
2021-07-15,156.89999389648438
2021-07-16,161.1999969482422
2021-07-18,
2021-07-19,155.25
2021-07-20,165.64999389648438
2021-07-21,176.0
2021-07-22,193.64999389648438
2021-07-23,189.0
2021-07-25,
2021-07-26,207.8000030517578
2021-07-27,201.75
2021-07-28,200.4499969482422
2021-07-29,196.5
2021-07-30,179.5500030517578
2021-08-01,
2021-08-02,172.8000030517578
2021-08-03,174.85000610351562
2021-08-04,175.64999389648438
2021-08-05,176.89999389648438
2021-08-06,176.0
2021-08-08,
2021-08-09,179.35000610351562
2021-08-10,182.0
2021-08-11,183.85000610351562
2021-08-12,186.5500030517578
2021-08-13,182.75
2021-08-15,
2021-08-16,183.1999969482422
2021-08-17,178.9499969482422
2021-08-18,179.6999969482422
2021-08-19,178.1999969482422
2021-08-20,178.25
2021-08-22,
2021-08-23,179.9499969482422
2021-08-24,183.3000030517578
2021-08-25,184.0500030517578
2021-08-26,185.64999389648438
2021-08-27,189.5
2021-08-29,
2021-08-30,197.39999389648438
2021-08-31,193.4499969482422
2021-09-01,193.1999969482422
2021-09-02,191.89999389648438
2021-09-03,190.5500030517578
2021-09-05,
2021-09-06,
2021-09-07,191.5
2021-09-08,187.75
2021-09-09,185.0
2021-09-10,185.60000610351562
2021-09-12,
2021-09-13,184.35000610351562
2021-09-14,183.0
2021-09-15,187.0
2021-09-16,187.8000030517578
2021-09-17,187.3000030517578
2021-09-19,
2021-09-20,183.5
2021-09-21,183.35000610351562
2021-09-22,184.85000610351562
2021-09-23,190.60000610351562
2021-09-24,194.35000610351562
2021-09-26,
2021-09-27,193.64999389648438
2021-09-28,198.60000610351562
2021-09-29,193.39999389648438
2021-09-30,194.0
2021-10-01,204.0500030517578
2021-10-03,
2021-10-04,200.35000610351562
2021-10-05,191.89999389648438
2021-10-06,193.4499969482422
2021-10-07,197.89999389648438
2021-10-08,201.35000610351562
2021-10-10,
2021-10-11,204.25
2021-10-12,213.14999389648438
2021-10-13,208.64999389648438
2021-10-14,209.25
2021-10-15,203.39999389648438
2021-10-17,
2021-10-18,201.60000610351562
2021-10-19,204.25
2021-10-20,205.5500030517578
2021-10-21,203.3000030517578
2021-10-22,199.85000610351562
2021-10-24,
2021-10-25,202.5500030517578
2021-10-26,208.10000610351562
2021-10-27,201.35000610351562
2021-10-28,199.9499969482422
2021-10-29,203.9499969482422
2021-11-01,208.6999969482422
2021-11-02,208.0500030517578
2021-11-03,209.3000030517578
2021-11-04,208.60000610351562
2021-11-05,203.5500030517578
2021-11-08,199.64999389648438
2021-11-09,205.89999389648438
2021-11-10,204.0
2021-11-11,210.89999389648438
2021-11-12,219.6999969482422
2021-11-15,222.75
2021-11-16,222.0500030517578
2021-11-17,232.60000610351562
2021-11-18,228.9499969482422
2021-11-19,233.3000030517578
2021-11-22,231.35000610351562
2021-11-23,242.5500030517578
2021-11-24,246.3000030517578
2021-11-25,
2021-11-26,243.85000610351562
2021-11-29,233.85000610351562
2021-11-30,233.25
2021-12-01,234.1999969482422
2021-12-02,237.4499969482422
2021-12-03,244.0500030517578
2021-12-06,250.1999969482422
2021-12-07,243.89999389648438
2021-12-08,244.75
2021-12-09,240.35000610351562
2021-12-10,232.6999969482422
2021-12-13,236.6999969482422
2021-12-14,237.14999389648438
2021-12-15,237.39999389648438
2021-12-16,236.9499969482422
2021-12-17,235.89999389648438
2021-12-20,224.39999389648438
2021-12-21,228.25
2021-12-22,233.5500030517578
2021-12-23,231.1999969482422
2021-12-24,
2021-12-27,227.0500030517578
2021-12-28,225.60000610351562
2021-12-29,228.89999389648438
2021-12-30,228.85000610351562
2021-12-31,226.10000610351562
2022-01-03,223.3000030517578
2022-01-04,231.75
2022-01-05,231.75
2022-01-06,231.6999969482422
2022-01-07,238.4499969482422
2022-01-10,234.89999389648438
2022-01-11,237.0500030517578
2022-01-12,240.85000610351562
2022-01-13,237.0
2022-01-14,239.64999389648438
2022-01-17,
2022-01-18,239.60000610351562
2022-01-19,244.4499969482422
2022-01-20,243.64999389648438
2022-01-21,237.89999389648438
2022-01-24,232.9499969482422
2022-01-25,237.89999389648438
2022-01-26,238.89999389648438
2022-01-27,232.0500030517578
2022-01-28,235.89999389648438
2022-01-31,235.10000610351562
2022-02-01,236.6999969482422
2022-02-02,238.8000030517578
2022-02-03,243.89999389648438
2022-02-04,241.85000610351562
2022-02-07,241.64999389648438
2022-02-08,248.9499969482422
2022-02-09,258.3500061035156
2022-02-10,255.1999969482422
2022-02-11,251.64999389648438
2022-02-14,247.5500030517578
2022-02-15,251.85000610351562
2022-02-16,252.25
2022-02-17,251.5
2022-02-18,246.85000610351562
2022-02-21,
2022-02-22,248.4499969482422
2022-02-23,248.60000610351562
2022-02-24,239.35000610351562
2022-02-25,240.0500030517578
2022-02-28,234.25
2022-03-01,237.25
2022-03-02,230.4499969482422
2022-03-03,224.14999389648438
2022-03-04,224.14999389648438
2022-03-07,225.5
2022-03-08,234.0500030517578
2022-03-09,230.4499969482422
2022-03-10,225.1999969482422
2022-03-11,222.9499969482422
2022-03-14,219.64999389648438
2022-03-15,212.3000030517578
2022-03-16,218.60000610351562
2022-03-17,217.3000030517578
2022-03-18,220.3000030517578
2022-03-21,225.85000610351562
2022-03-22,225.0500030517578
2022-03-23,225.3000030517578
2022-03-24,221.85000610351562
2022-03-25,221.85000610351562
2022-03-27,
2022-03-28,214.5500030517578
2022-03-29,215.6999969482422
2022-03-30,221.85000610351562
2022-03-31,226.39999389648438
2022-04-01,228.39999389648438
2022-04-03,
2022-04-04,230.60000610351562
2022-04-05,231.3000030517578
2022-04-06,227.60000610351562
2022-04-07,226.14999389648438
2022-04-08,231.64999389648438
2022-04-10,
2022-04-11,236.60000610351562
2022-04-12,233.60000610351562
2022-04-13,225.0500030517578
2022-04-14,223.60000610351562
2022-04-17,
2022-04-18,223.5
2022-04-19,221.3000030517578
2022-04-20,218.8000030517578
2022-04-21,228.14999389648438
2022-04-22,227.3000030517578
2022-04-24,
2022-04-25,220.8000030517578
2022-04-26,221.39999389648438
2022-04-27,215.9499969482422
2022-04-28,217.89999389648438
2022-04-29,222.5500030517578
2022-05-01,
2022-05-02,216.39999389648438
2022-05-03,218.1999969482422
2022-05-04,221.1999969482422
2022-05-05,218.39999389648438
2022-05-06,211.60000610351562
2022-05-08,
2022-05-09,206.3000030517578
2022-05-10,204.0
2022-05-11,220.10000610351562
2022-05-12,215.0
2022-05-13,212.89999389648438
2022-05-15,
2022-05-16,225.8000030517578
2022-05-17,228.1999969482422
2022-05-18,218.60000610351562
2022-05-19,218.6999969482422
2022-05-20,215.85000610351562
2022-05-22,
2022-05-23,215.75
2022-05-24,213.64999389648438
2022-05-25,217.0500030517578
2022-05-26,226.60000610351562
2022-05-27,229.4499969482422
2022-05-29,
2022-05-30,
2022-05-31,231.25
2022-06-01,239.4499969482422
2022-06-02,238.25
2022-06-03,232.39999389648438
2022-06-05,
2022-06-06,237.5500030517578
2022-06-07,232.14999389648438
2022-06-08,231.85000610351562
2022-06-09,234.64999389648438
2022-06-10,228.89999389648438
2022-06-12,
2022-06-13,223.35000610351562
2022-06-14,226.9499969482422
2022-06-15,228.5
2022-06-16,231.9499969482422
2022-06-17,227.64999389648438
2022-06-19,
2022-06-20,
2022-06-21,233.10000610351562
2022-06-22,238.60000610351562
2022-06-23,232.4499969482422
2022-06-24,226.60000610351562
2022-06-26,
2022-06-27,226.0
2022-06-28,221.89999389648438
2022-06-29,232.64999389648438
2022-06-30,233.60000610351562
2022-07-01,228.4499969482422
2022-07-03,
2022-07-04,
2022-07-05,224.64999389648438
2022-07-06,222.5
2022-07-07,222.1999969482422
2022-07-08,222.89999389648438
2022-07-10,
2022-07-11,216.89999389648438
2022-07-12,209.25
2022-07-13,211.25
2022-07-14,199.1999969482422
2022-07-15,203.6999969482422
2022-07-17,
2022-07-18,219.10000610351562
2022-07-19,220.39999389648438
2022-07-20,218.14999389648438
2022-07-21,215.85000610351562
2022-07-22,206.6999969482422
2022-07-24,
2022-07-25,210.0500030517578
2022-07-26,213.1999969482422
2022-07-27,219.10000610351562
2022-07-28,218.39999389648438
2022-07-29,217.1999969482422
2022-07-31,
2022-08-01,213.1999969482422
2022-08-02,209.89999389648438
2022-08-03,214.64999389648438
2022-08-04,219.3000030517578
2022-08-05,209.4499969482422
2022-08-07,
2022-08-08,211.85000610351562
2022-08-09,212.75
2022-08-10,220.4499969482422
2022-08-11,223.9499969482422
2022-08-12,226.60000610351562
2022-08-14,
2022-08-15,225.5
2022-08-16,219.35000610351562
2022-08-17,217.4499969482422
2022-08-18,214.6999969482422
2022-08-19,215.9499969482422
2022-08-21,
2022-08-22,224.3000030517578
2022-08-23,230.64999389648438
2022-08-24,242.9499969482422
2022-08-25,243.39999389648438
2022-08-26,242.0
2022-08-28,
2022-08-29,240.5
2022-08-30,239.14999389648438
2022-08-31,239.10000610351562
2022-09-01,236.35000610351562
2022-09-02,232.64999389648438
2022-09-04,
2022-09-05,
2022-09-06,233.89999389648438
2022-09-07,226.89999389648438
2022-09-08,225.85000610351562
2022-09-09,231.5
2022-09-11,
2022-09-12,227.75
2022-09-13,223.9499969482422
2022-09-14,217.60000610351562
2022-09-15,219.14999389648438
2022-09-16,218.0500030517578
2022-09-18,
2022-09-19,224.0500030517578
2022-09-20,228.10000610351562
2022-09-21,221.3000030517578
2022-09-22,223.5500030517578
2022-09-23,220.4499969482422
2022-09-25,
2022-09-26,223.8000030517578
2022-09-27,224.35000610351562
2022-09-28,228.6999969482422
2022-09-29,225.6999969482422
2022-09-30,221.5500030517578
2022-10-02,
2022-10-03,215.75
2022-10-04,219.3000030517578
2022-10-05,224.64999389648438
2022-10-06,217.6999969482422
2022-10-07,218.10000610351562
2022-10-09,
2022-10-10,217.4499969482422
2022-10-11,217.85000610351562
2022-10-12,209.75
2022-10-13,202.14999389648438
2022-10-14,196.6999969482422
2022-10-16,
2022-10-17,195.5500030517578
2022-10-18,195.10000610351562
2022-10-19,192.3000030517578
2022-10-20,191.0500030517578
2022-10-21,190.89999389648438
2022-10-23,
2022-10-24,190.39999389648438
2022-10-25,185.8000030517578
2022-10-26,179.75
2022-10-27,178.85000610351562
2022-10-28,169.8000030517578
2022-10-31,177.6999969482422
2022-11-01,174.60000610351562
2022-11-02,182.14999389648438
2022-11-03,172.1999969482422
2022-11-04,175.75
2022-11-07,170.5500030517578
2022-11-08,166.4499969482422
2022-11-09,165.14999389648438
2022-11-10,171.0
2022-11-11,170.10000610351562
2022-11-14,166.1999969482422
2022-11-15,156.75
2022-11-16,155.4499969482422
2022-11-17,152.6999969482422
2022-11-18,151.3000030517578
2022-11-21,157.5
2022-11-22,161.8000030517578
2022-11-23,160.10000610351562
2022-11-24,
2022-11-25,163.5500030517578
2022-11-28,160.64999389648438
2022-11-29,166.6999969482422
2022-11-30,167.6999969482422
2022-12-01,163.35000610351562
2022-12-02,160.14999389648438
2022-12-05,160.14999389648438
2022-12-06,161.0500030517578
2022-12-07,157.6999969482422
2022-12-08,156.89999389648438
2022-12-09,157.75
2022-12-12,166.35000610351562
2022-12-13,167.14999389648438
2022-12-14,168.3000030517578
2022-12-15,171.5
2022-12-16,164.14999389648438
2022-12-19,164.0500030517578
2022-12-20,167.8000030517578
2022-12-21,169.35000610351562
2022-12-22,168.89999389648438
2022-12-23,172.0
2022-12-26,
2022-12-27,166.9499969482422
2022-12-28,173.5500030517578
2022-12-29,170.0500030517578
2022-12-30,167.3000030517578
2023-01-02,
2023-01-03,166.3000030517578
2023-01-04,161.3000030517578
2023-01-05,160.5500030517578
2023-01-06,158.3000030517578
2023-01-09,158.0500030517578
2023-01-10,150.89999389648438
2023-01-11,143.89999389648438
2023-01-12,149.39999389648438
2023-01-13,151.6999969482422
2023-01-16,
2023-01-17,151.10000610351562
2023-01-18,155.0
2023-01-19,154.60000610351562
2023-01-20,154.8000030517578
2023-01-23,158.5500030517578
2023-01-24,159.85000610351562
2023-01-25,162.4499969482422
2023-01-26,167.14999389648438
2023-01-27,169.89999389648438
2023-01-30,170.39999389648438
2023-01-31,181.75
2023-02-01,175.89999389648438
2023-02-02,177.89999389648438
2023-02-03,172.8000030517578
2023-02-06,175.6999969482422
2023-02-07,177.0500030517578
2023-02-08,175.60000610351562
2023-02-09,173.64999389648438
2023-02-10,174.75
2023-02-13,177.0500030517578
2023-02-14,183.5500030517578
2023-02-15,176.85000610351562
2023-02-16,180.6999969482422
2023-02-17,188.6999969482422
2023-02-20,
2023-02-21,194.4499969482422
2023-02-22,199.5
2023-02-23,193.64999389648438
2023-02-24,191.1999969482422
2023-02-27,190.6999969482422
2023-02-28,190.39999389648438
2023-03-01,185.3000030517578
2023-03-02,183.9499969482422
2023-03-03,180.8000030517578
2023-03-06,182.4499969482422
2023-03-07,184.5500030517578
2023-03-08,179.5500030517578
2023-03-09,178.0
2023-03-10,182.25
2023-03-13,183.1999969482422
2023-03-14,180.89999389648438
2023-03-15,178.0500030517578
2023-03-16,185.5
2023-03-17,183.0
2023-03-20,184.89999389648438
2023-03-21,186.6999969482422
2023-03-22,178.0
2023-03-23,174.3000030517578
2023-03-24,179.25
2023-03-26,
2023-03-27,176.89999389648438
2023-03-28,173.75
2023-03-29,169.6999969482422
2023-03-30,169.8000030517578
2023-03-31,170.5
2023-04-02,
2023-04-03,176.25
2023-04-04,174.85000610351562
2023-04-05,180.14999389648438
2023-04-06,183.60000610351562
2023-04-09,
2023-04-10,182.60000610351562
2023-04-11,190.5
2023-04-12,190.25
2023-04-13,196.10000610351562
2023-04-14,193.39999389648438
2023-04-16,
2023-04-17,201.0
2023-04-18,205.25
2023-04-19,202.5500030517578
2023-04-20,195.89999389648438
2023-04-21,194.1999969482422
2023-04-23,
2023-04-24,196.75
2023-04-25,192.4499969482422
2023-04-26,195.85000610351562
2023-04-27,192.10000610351562
2023-04-28,189.85000610351562
2023-04-30,
2023-05-01,189.25
2023-05-02,190.64999389648438
2023-05-03,189.1999969482422
2023-05-04,186.39999389648438
2023-05-05,191.0
2023-05-07,
2023-05-08,186.89999389648438
2023-05-09,188.0
2023-05-10,187.4499969482422
2023-05-11,185.8000030517578
2023-05-12,186.0
2023-05-14,
2023-05-15,193.0500030517578
2023-05-16,190.35000610351562
2023-05-17,189.85000610351562
2023-05-18,190.4499969482422
2023-05-19,192.0
2023-05-21,
2023-05-22,189.1999969482422
2023-05-23,187.4499969482422
2023-05-24,188.0
2023-05-25,182.6999969482422
2023-05-26,181.60000610351562
2023-05-28,
2023-05-29,
2023-05-30,177.10000610351562
2023-05-31,178.64999389648438
2023-06-01,183.0500030517578
2023-06-02,180.3000030517578
2023-06-04,
2023-06-05,183.10000610351562
2023-06-06,182.60000610351562
2023-06-07,185.39999389648438
2023-06-08,194.85000610351562
2023-06-09,190.64999389648438
2023-06-11,
2023-06-12,185.5500030517578
2023-06-13,182.75
2023-06-14,184.39999389648438
2023-06-15,187.0
2023-06-16,184.89999389648438
2023-06-18,
2023-06-19,
2023-06-20,177.4499969482422
2023-06-21,172.0
2023-06-22,171.6999969482422
2023-06-23,168.0500030517578
2023-06-25,
2023-06-26,167.9499969482422
2023-06-27,169.4499969482422
2023-06-28,165.64999389648438
2023-06-29,163.60000610351562
2023-06-30,161.0
2023-07-02,
2023-07-03,162.5
2023-07-04,
2023-07-05,161.0500030517578
2023-07-06,162.35000610351562
2023-07-07,162.8000030517578
2023-07-09,
2023-07-10,161.75
2023-07-11,159.3000030517578
2023-07-12,158.75
2023-07-13,159.35000610351562
2023-07-14,161.9499969482422
2023-07-16,
2023-07-17,154.75
2023-07-18,155.25
2023-07-19,152.4499969482422
2023-07-20,158.0500030517578
2023-07-21,161.85000610351562
2023-07-23,
2023-07-24,163.0
2023-07-25,161.85000610351562
2023-07-26,163.14999389648438
2023-07-27,161.4499969482422
2023-07-28,157.89999389648438
2023-07-30,
2023-07-31,164.64999389648438
2023-08-01,164.5500030517578
2023-08-02,166.9499969482422
2023-08-03,164.75
2023-08-04,161.35000610351562
2023-08-06,
2023-08-07,163.9499969482422
2023-08-08,161.35000610351562
2023-08-09,160.75
2023-08-10,159.89999389648438
2023-08-11,157.8000030517578
2023-08-13,
2023-08-14,151.10000610351562
2023-08-15,149.25
2023-08-16,148.89999389648438
2023-08-17,147.0
2023-08-18,147.4499969482422
2023-08-20,
2023-08-21,147.5500030517578
2023-08-22,146.60000610351562
2023-08-23,152.9499969482422
2023-08-24,153.0
2023-08-25,151.75
2023-08-27,
2023-08-28,151.8000030517578
2023-08-29,151.35000610351562
2023-08-30,153.35000610351562
2023-08-31,152.6999969482422
2023-09-01,150.9499969482422
2023-09-03,
2023-09-04,
2023-09-05,151.39999389648438
2023-09-06,151.75
2023-09-07,147.39999389648438
2023-09-08,146.25
2023-09-10,
2023-09-11,151.5500030517578
2023-09-12,150.6999969482422
2023-09-13,151.0500030517578
2023-09-14,153.10000610351562
2023-09-15,158.25
2023-09-17,
2023-09-18,158.6999969482422
2023-09-19,167.5
2023-09-20,158.1999969482422
2023-09-21,154.85000610351562
2023-09-22,151.14999389648438
2023-09-24,
2023-09-25,148.8000030517578
2023-09-26,150.85000610351562
2023-09-27,149.25
2023-09-28,147.1999969482422
2023-09-29,146.14999389648438
2023-10-01,
2023-10-02,149.10000610351562
2023-10-03,148.75
2023-10-04,146.35000610351562
2023-10-05,145.39999389648438
2023-10-06,146.0500030517578
2023-10-08,
2023-10-09,146.0500030517578
2023-10-10,147.5
2023-10-11,147.6999969482422
2023-10-12,149.3000030517578
2023-10-13,154.89999389648438
2023-10-15,
2023-10-16,154.14999389648438
2023-10-17,157.0500030517578
2023-10-18,158.0500030517578
2023-10-19,163.9499969482422
2023-10-20,165.25
2023-10-22,
2023-10-23,165.85000610351562
2023-10-24,168.14999389648438
2023-10-25,162.3000030517578
2023-10-26,161.1999969482422
2023-10-27,160.9499969482422
2023-10-30,159.10000610351562
2023-10-31,167.3000030517578
2023-11-01,159.8000030517578
2023-11-02,165.35000610351562
2023-11-03,170.89999389648438
2023-11-06,173.6999969482422
2023-11-07,170.75
2023-11-08,174.35000610351562
2023-11-09,178.8000030517578
2023-11-10,174.5
2023-11-13,178.64999389648438
2023-11-14,176.4499969482422
2023-11-15,180.8000030517578
2023-11-16,176.10000610351562
2023-11-17,170.9499969482422
2023-11-20,177.89999389648438
2023-11-21,176.5500030517578
2023-11-22,178.64999389648438
2023-11-23,178.64999389648438
2023-11-24,178.64999389648438
2023-11-27,179.6999969482422
2023-11-28,183.64999389648438
2023-11-29,182.10000610351562
2023-11-30,195.0
2023-12-01,193.89999389648438
2023-12-04,188.89999389648438
2023-12-05,193.85000610351562
2023-12-06,185.25
2023-12-07,185.5
2023-12-08,185.14999389648438
2023-12-11,194.0
2023-12-12,191.14999389648438
2023-12-13,194.64999389648438
2023-12-14,200.10000610351562
2023-12-15,201.8000030517578
2023-12-18,209.5500030517578
2023-12-19,202.39999389648438
2023-12-20,190.60000610351562
2023-12-21,193.60000610351562
2023-12-22,192.8000030517578
2023-12-25,
2023-12-26,194.35000610351562
2023-12-27,197.75
2023-12-28,198.0
2023-12-29,188.3000030517578
2024-01-01,
2024-01-02,190.14999389648438
2024-01-03,186.25
2024-01-04,185.5500030517578
2024-01-05,182.8000030517578
2024-01-08,181.39999389648438
2024-01-09,184.10000610351562
2024-01-10,181.14999389648438
2024-01-11,184.0500030517578
2024-01-12,180.0
2024-01-15,
2024-01-16,185.25
2024-01-17,179.1999969482422
2024-01-18,179.9499969482422
2024-01-19,185.14999389648438
2024-01-22,192.25
2024-01-23,192.9499969482422
2024-01-24,189.4499969482422
2024-01-25,186.9499969482422
2024-01-26,193.85000610351562
2024-01-29,189.25
2024-01-30,194.0
2024-01-31,194.0500030517578
2024-02-01,194.1999969482422
2024-02-02,191.9499969482422
2024-02-05,189.5
2024-02-06,188.1999969482422
2024-02-07,190.6999969482422
2024-02-08,188.8000030517578
2024-02-09,196.3000030517578
2024-02-12,195.60000610351562
2024-02-13,193.0
2024-02-14,187.0500030517578
2024-02-15,189.3000030517578
2024-02-16,190.85000610351562
2024-02-19,
2024-02-20,191.60000610351562
2024-02-21,198.35000610351562
2024-02-22,193.85000610351562
2024-02-23,191.0
2024-02-26,190.10000610351562
2024-02-27,194.0500030517578
2024-02-28,193.35000610351562
2024-02-29,195.85000610351562
2024-03-01,193.8000030517578
2024-03-04,197.39999389648438
2024-03-05,195.0
2024-03-06,194.4499969482422
2024-03-07,198.35000610351562
2024-03-08,191.39999389648438
2024-03-11,194.35000610351562
2024-03-12,195.39999389648438
2024-03-13,191.64999389648438
2024-03-14,191.35000610351562
2024-03-15,182.85000610351562
2024-03-18,181.85000610351562
2024-03-19,183.0500030517578
2024-03-20,182.39999389648438
2024-03-21,185.6999969482422
2024-03-22,184.85000610351562
2024-03-25,185.64999389648438
2024-03-26,188.0500030517578
2024-03-27,190.64999389648438
2024-03-28,188.85000610351562
2024-03-29,
2024-03-31,
2024-04-01,191.8000030517578
2024-04-02,197.75
2024-04-03,203.60000610351562
2024-04-04,206.75
2024-04-05,212.5
2024-04-07,
2024-04-08,211.10000610351562
2024-04-09,213.5500030517578
2024-04-10,214.64999389648438
2024-04-11,220.35000610351562
2024-04-12,224.64999389648438
2024-04-14,
2024-04-15,231.5500030517578
2024-04-16,236.75
2024-04-17,247.9499969482422
2024-04-18,239.85000610351562
2024-04-19,241.39999389648438
2024-04-21,
2024-04-22,231.64999389648438
2024-04-23,224.5
2024-04-24,228.4499969482422
2024-04-25,231.9499969482422
2024-04-26,230.60000610351562
2024-04-28,
2024-04-29,233.5500030517578
2024-04-30,220.64999389648438
2024-05-01,219.0500030517578
2024-05-02,208.64999389648438
2024-05-03,205.89999389648438
2024-05-05,
2024-05-06,200.6999969482422
2024-05-07,199.0
2024-05-08,200.25
2024-05-09,203.6999969482422
2024-05-10,204.39999389648438
2024-05-12,
2024-05-13,200.39999389648438
2024-05-14,202.85000610351562
2024-05-15,201.25
2024-05-16,199.5500030517578
2024-05-17,208.14999389648438
2024-05-19,
2024-05-20,209.3000030517578
2024-05-21,217.1999969482422
2024-05-22,220.4499969482422
2024-05-23,215.64999389648438
2024-05-24,218.25
2024-05-26,
2024-05-27,
2024-05-28,230.9499969482422
2024-05-29,229.4499969482422
2024-05-30,233.0
2024-05-31,222.35000610351562
2024-06-02,
2024-06-03,226.5500030517578
2024-06-04,233.89999389648438
2024-06-05,231.9499969482422
2024-06-06,234.1999969482422
2024-06-07,224.8000030517578
2024-06-09,
2024-06-10,221.39999389648438
2024-06-11,220.5500030517578
2024-06-12,224.35000610351562
2024-06-13,226.0500030517578
2024-06-14,224.14999389648438
2024-06-16,
2024-06-17,227.14999389648438
2024-06-18,226.3000030517578
2024-06-19,
2024-06-20,230.25
2024-06-21,226.5500030517578
2024-06-23,
2024-06-24,238.0
2024-06-25,231.1999969482422
2024-06-26,226.35000610351562
2024-06-27,228.25
2024-06-28,228.9499969482422
2024-06-30,
2024-07-01,226.6999969482422
2024-07-02,229.10000610351562
2024-07-03,225.9499969482422
2024-07-04,
2024-07-05,230.3000030517578
2024-07-07,
2024-07-08,236.1999969482422
2024-07-09,252.0
2024-07-10,245.6999969482422
2024-07-11,246.75
2024-07-12,250.4499969482422
2024-07-14,
2024-07-15,244.14999389648438
2024-07-16,245.39999389648438
2024-07-17,247.35000610351562
2024-07-18,243.39999389648438
2024-07-19,238.1999969482422
2024-07-21,
2024-07-22,243.0500030517578
2024-07-23,239.10000610351562
2024-07-24,231.14999389648438
2024-07-25,234.6999969482422
2024-07-26,230.25
2024-07-28,
2024-07-29,230.39999389648438
2024-07-30,230.8000030517578
2024-07-31,229.1999969482422
2024-08-01,227.25
2024-08-02,230.5
2024-08-04,
2024-08-05,225.6999969482422
2024-08-06,235.9499969482422
2024-08-07,246.3000030517578
2024-08-08,245.3000030517578
2024-08-09,234.0500030517578
2024-08-11,
2024-08-12,240.85000610351562
2024-08-13,232.6999969482422
2024-08-14,237.0
2024-08-15,239.89999389648438
2024-08-16,245.4499969482422
2024-08-18,
2024-08-19,245.89999389648438
2024-08-20,249.4499969482422
2024-08-21,249.4499969482422
2024-08-22,246.8000030517578
2024-08-23,251.1999969482422
2024-08-25,
2024-08-26,253.64999389648438
2024-08-27,259.3999938964844
2024-08-28,260.45001220703125
2024-08-29,251.8000030517578
2024-08-30,248.1999969482422
2024-09-01,
2024-09-02,
2024-09-03,246.75
2024-09-04,245.5500030517578
2024-09-05,246.60000610351562
2024-09-06,240.0500030517578
2024-09-08,
2024-09-09,249.4499969482422
2024-09-10,248.0
2024-09-11,249.4499969482422
2024-09-12,252.0
2024-09-13,262.04998779296875
2024-09-15,
2024-09-16,259.04998779296875
2024-09-17,265.0
2024-09-18,263.1499938964844
2024-09-19,261.6499938964844
2024-09-20,250.75
2024-09-22,
2024-09-23,263.6499938964844
2024-09-24,267.79998779296875
2024-09-25,269.1000061035156
2024-09-26,273.8999938964844
2024-09-27,269.1499938964844
2024-09-29,
2024-09-30,270.25
2024-10-01,264.1499938964844
2024-10-02,256.5
2024-10-03,252.0500030517578
2024-10-04,257.3500061035156
2024-10-06,
2024-10-07,244.64999389648438
2024-10-08,248.1999969482422
2024-10-09,250.0500030517578
2024-10-10,254.75
2024-10-11,252.0500030517578
2024-10-13,
2024-10-14,262.04998779296875
2024-10-15,256.70001220703125
2024-10-16,258.0
2024-10-17,255.14999389648438
2024-10-18,257.29998779296875
2024-10-20,
2024-10-21,251.6999969482422
2024-10-22,249.85000610351562
2024-10-23,252.35000610351562
2024-10-24,245.4499969482422
2024-10-25,248.39999389648438
2024-10-28,252.35000610351562
2024-10-29,248.10000610351562
2024-10-30,249.60000610351562
2024-10-31,245.89999389648438
2024-11-01,242.9499969482422
2024-11-04,245.9499969482422
2024-11-05,250.14999389648438
2024-11-06,248.75
2024-11-07,260.3999938964844
2024-11-08,253.35000610351562
2024-11-11,256.20001220703125
2024-11-12,263.54998779296875
2024-11-13,271.6499938964844
2024-11-14,278.95001220703125
2024-11-15,281.79998779296875
2024-11-18,280.75
2024-11-19,279.75
2024-11-20,295.29998779296875
2024-11-21,298.6499938964844
2024-11-22,305.25
2024-11-25,308.3500061035156
2024-11-26,312.1499938964844
2024-11-27,326.1499938964844
2024-11-28,
2024-11-29,321.6499938964844
2024-12-02,299.20001220703125
2024-12-03,297.70001220703125
2024-12-04,305.95001220703125
2024-12-05,315.75
2024-12-06,332.5
2024-12-09,332.29998779296875
2024-12-10,335.6499938964844
2024-12-11,321.70001220703125
2024-12-12,322.6000061035156
2024-12-13,320.8500061035156
2024-12-16,328.75
2024-12-17,325.45001220703125
2024-12-18,333.1499938964844
2024-12-19,323.75
2024-12-20,325.0
2024-12-23,327.25
2024-12-24,328.6000061035156
2024-12-25,
2024-12-26,324.6499938964844
2024-12-27,322.6499938964844
2024-12-30,321.0
2024-12-31,319.75
2025-01-02,326.8500061035156
2025-01-03,318.6499938964844
2025-01-06,318.6000061035156
2025-01-07,320.5
2025-01-08,316.45001220703125
2025-01-09,318.5
2025-01-10,323.8500061035156
2025-01-13,325.95001220703125
2025-01-14,321.95001220703125
2025-01-15,330.45001220703125
2025-01-16,327.1499938964844
2025-01-17,328.3500061035156
2025-01-20,
2025-01-21,327.79998779296875
2025-01-22,341.8500061035156
2025-01-23,343.95001220703125
2025-01-24,347.54998779296875
2025-01-27,349.20001220703125
2025-01-28,357.5
2025-01-29,366.54998779296875
2025-01-30,373.3999938964844
2025-01-31,377.8500061035156
2025-02-03,380.8999938964844
2025-02-04,383.3500061035156
2025-02-05,397.75
2025-02-06,403.95001220703125
2025-02-07,404.3500061035156
2025-02-10,429.04998779296875
2025-02-11,413.45001220703125
2025-02-12,431.79998779296875
2025-02-13,438.8999938964844
2025-02-14,419.75
2025-02-17,
2025-02-18,419.0
2025-02-19,417.8999938964844
2025-02-20,395.75
2025-02-21,400.0
2025-02-24,393.79998779296875
2025-02-25,380.5
2025-02-26,379.45001220703125
2025-02-27,378.75
2025-02-28,379.04998779296875
2025-03-03,392.70001220703125
2025-03-04,403.75
2025-03-05,415.5
2025-03-06,393.0
2025-03-07,390.20001220703125
2025-03-10,389.3500061035156
2025-03-11,399.45001220703125
2025-03-12,392.20001220703125
2025-03-13,390.6000061035156
2025-03-14,382.1000061035156
2025-03-17,389.3500061035156
2025-03-18,387.1499938964844
2025-03-19,394.6000061035156
2025-03-20,392.1499938964844
2025-03-21,391.3999938964844
2025-03-24,393.3999938964844
2025-03-25,398.54998779296875
2025-03-26,392.0
2025-03-27,378.79998779296875
2025-03-28,379.95001220703125
2025-03-30,
2025-03-31,379.75
